categoryUC,country
LEARNING VIRTUAL CLASS SUPPORT,US
LEARNING VIRTUAL CLASS SUPPORT,CA
LEARNING VIRTUAL CLASS SUPPORT,MX
LEARNING VIRTUAL CLASS SUPPORT,BR
LEARNING VIRTUAL CLASS SUPPORT,AR
LEARNING VIRTUAL CLASS SUPPORT,PE
LEARNING VIRTUAL CLASS SUPPORT,CL
LEARNING VIRTUAL CLASS SUPPORT,CO
LEARNING VIRTUAL CLASS SUPPORT,PR
LEARNING VIRTUAL CLASS SUPPORT,VE
LEARNING VIRTUAL CLASS SUPPORT,CR
LEARNING VIRTUAL CLASS SUPPORT,PA
LEARNING VIRTUAL CLASS SUPPORT,DE
LEARNING VIRTUAL CLASS SUPPORT,AT
LEARNING VIRTUAL CLASS SUPPORT,CH
LEARNING VIRTUAL CLASS SUPPORT,SK
LEARNING VIRTUAL CLASS SUPPORT,CZ
LEARNING VIRTUAL CLASS SUPPORT,KZ
LEARNING VIRTUAL CLASS SUPPORT,PL
LEARNING VIRTUAL CLASS SUPPORT,HU
LEARNING VIRTUAL CLASS SUPPORT,UA
LEARNING VIRTUAL CLASS SUPPORT,BE
LEARNING VIRTUAL CLASS SUPPORT,NL
LEARNING VIRTUAL CLASS SUPPORT,FR
LEARNING VIRTUAL CLASS SUPPORT,IT
LEARNING VIRTUAL CLASS SUPPORT,ES
LEARNING VIRTUAL CLASS SUPPORT,PT
LEARNING VIRTUAL CLASS SUPPORT,GR
LEARNING VIRTUAL CLASS SUPPORT,IL
LEARNING VIRTUAL CLASS SUPPORT,TR
LEARNING VIRTUAL CLASS SUPPORT,IN
LEARNING VIRTUAL CLASS SUPPORT,ANZ
LEARNING VIRTUAL CLASS SUPPORT,JP
LEARNING VIRTUAL CLASS SUPPORT,KR
LEARNING VIRTUAL CLASS SUPPORT,CN
LEARNING VIRTUAL CLASS SUPPORT,TW
LEARNING VIRTUAL CLASS SUPPORT,HK
LEARNING VIRTUAL CLASS SUPPORT,DK
LEARNING VIRTUAL CLASS SUPPORT,SE
LEARNING VIRTUAL CLASS SUPPORT,NO
LEARNING VIRTUAL CLASS SUPPORT,FI
LEARNING VIRTUAL CLASS SUPPORT,SA
LEARNING VIRTUAL CLASS SUPPORT,AE
LEARNING VIRTUAL CLASS SUPPORT,EG
LEARNING VIRTUAL CLASS SUPPORT,QA
LEARNING VIRTUAL CLASS SUPPORT,PK
LEARNING VIRTUAL CLASS SUPPORT,BH
LEARNING VIRTUAL CLASS SUPPORT,OM
LEARNING VIRTUAL CLASS SUPPORT,AL
LEARNING VIRTUAL CLASS SUPPORT,BA
LEARNING VIRTUAL CLASS SUPPORT,MK
LEARNING VIRTUAL CLASS SUPPORT,MG
LEARNING VIRTUAL CLASS SUPPORT,RS
LEARNING VIRTUAL CLASS SUPPORT,XK
LEARNING VIRTUAL CLASS SUPPORT,ZA
LEARNING VIRTUAL CLASS SUPPORT,KE
LEARNING VIRTUAL CLASS SUPPORT,NG
LEARNING VIRTUAL CLASS SUPPORT,MA
LEARNING VIRTUAL CLASS SUPPORT,GB
LEARNING VIRTUAL CLASS SUPPORT,IE
LEARNING VIRTUAL CLASS SUPPORT,SG
LEARNING VIRTUAL CLASS SUPPORT,MY
LEARNING VIRTUAL CLASS SUPPORT,TH
LEARNING VIRTUAL CLASS SUPPORT,ID
LEARNING VIRTUAL CLASS SUPPORT,PH
BOOKING & ORDER,US
BOOKING & ORDER,CA
BOOKING & ORDER,MX
BOOKING & ORDER,BR
BOOKING & ORDER,AR
BOOKING & ORDER,PE
BOOKING & ORDER,CL
BOOKING & ORDER,CO
BOOKING & ORDER,PR
BOOKING & ORDER,VE
BOOKING & ORDER,CR
BOOKING & ORDER,PA
BOOKING & ORDER,DE
BOOKING & ORDER,AT
BOOKING & ORDER,CH
BOOKING & ORDER,SK
BOOKING & ORDER,CZ
BOOKING & ORDER,KZ
BOOKING & ORDER,PL
BOOKING & ORDER,HU
BOOKING & ORDER,UA
BOOKING & ORDER,IE
BOOKING & ORDER,GB
BOOKING & ORDER,BE
BOOKING & ORDER,NL
BOOKING & ORDER,FR
BOOKING & ORDER,IT
BOOKING & ORDER,ES
BOOKING & ORDER,PT
BOOKING & ORDER,GR
BOOKING & ORDER,IL
BOOKING & ORDER,TR
BOOKING & ORDER,IN
BOOKING & ORDER,ANZ
BOOKING & ORDER,JP
BOOKING & ORDER,KR
BOOKING & ORDER,CN
BOOKING & ORDER,TW
BOOKING & ORDER,HK
BOOKING & ORDER,DK
BOOKING & ORDER,SE
BOOKING & ORDER,NO
BOOKING & ORDER,FI
BOOKING & ORDER,SA
BOOKING & ORDER,AE
BOOKING & ORDER,EG
BOOKING & ORDER,QA
BOOKING & ORDER,BH
BOOKING & ORDER,OM
BOOKING & ORDER,RS
BOOKING & ORDER,ZA
BOOKING & ORDER,KE
BOOKING & ORDER,NG
BOOKING & ORDER,MA
BOOKING & ORDER,SG
BOOKING & ORDER,MY
BOOKING & ORDER,TH
BOOKING & ORDER,ID
BOOKING & ORDER,PH
LEARNING AND CERTIFICATION ADVICE,US
LEARNING AND CERTIFICATION ADVICE,CA
LEARNING AND CERTIFICATION ADVICE,MX
LEARNING AND CERTIFICATION ADVICE,BR
LEARNING AND CERTIFICATION ADVICE,AR
LEARNING AND CERTIFICATION ADVICE,PE
LEARNING AND CERTIFICATION ADVICE,CL
LEARNING AND CERTIFICATION ADVICE,CO
LEARNING AND CERTIFICATION ADVICE,PR
LEARNING AND CERTIFICATION ADVICE,VE
LEARNING AND CERTIFICATION ADVICE,CR
LEARNING AND CERTIFICATION ADVICE,PA
LEARNING AND CERTIFICATION ADVICE,DE
LEARNING AND CERTIFICATION ADVICE,AT
LEARNING AND CERTIFICATION ADVICE,CH
LEARNING AND CERTIFICATION ADVICE,SK
LEARNING AND CERTIFICATION ADVICE,CZ
LEARNING AND CERTIFICATION ADVICE,KZ
LEARNING AND CERTIFICATION ADVICE,PL
LEARNING AND CERTIFICATION ADVICE,HU
LEARNING AND CERTIFICATION ADVICE,UA
LEARNING AND CERTIFICATION ADVICE,BE
LEARNING AND CERTIFICATION ADVICE,NL
LEARNING AND CERTIFICATION ADVICE,FR
LEARNING AND CERTIFICATION ADVICE,IT
LEARNING AND CERTIFICATION ADVICE,ES
LEARNING AND CERTIFICATION ADVICE,PT
LEARNING AND CERTIFICATION ADVICE,GR
LEARNING AND CERTIFICATION ADVICE,IL
LEARNING AND CERTIFICATION ADVICE,TR
LEARNING AND CERTIFICATION ADVICE,IN
LEARNING AND CERTIFICATION ADVICE,ANZ
LEARNING AND CERTIFICATION ADVICE,JP
LEARNING AND CERTIFICATION ADVICE,KR
LEARNING AND CERTIFICATION ADVICE,CN
LEARNING AND CERTIFICATION ADVICE,TW
LEARNING AND CERTIFICATION ADVICE,HK
LEARNING AND CERTIFICATION ADVICE,DK
LEARNING AND CERTIFICATION ADVICE,SE
LEARNING AND CERTIFICATION ADVICE,NO
LEARNING AND CERTIFICATION ADVICE,FI
LEARNING AND CERTIFICATION ADVICE,SA
LEARNING AND CERTIFICATION ADVICE,AE
LEARNING AND CERTIFICATION ADVICE,EG
LEARNING AND CERTIFICATION ADVICE,QA
LEARNING AND CERTIFICATION ADVICE,PK
LEARNING AND CERTIFICATION ADVICE,BH
LEARNING AND CERTIFICATION ADVICE,OM
LEARNING AND CERTIFICATION ADVICE,AL
LEARNING AND CERTIFICATION ADVICE,BA
LEARNING AND CERTIFICATION ADVICE,MK
LEARNING AND CERTIFICATION ADVICE,MG
LEARNING AND CERTIFICATION ADVICE,RS
LEARNING AND CERTIFICATION ADVICE,XK
LEARNING AND CERTIFICATION ADVICE,ZA
LEARNING AND CERTIFICATION ADVICE,KE
LEARNING AND CERTIFICATION ADVICE,NG
LEARNING AND CERTIFICATION ADVICE,MA
LEARNING AND CERTIFICATION ADVICE,GB
LEARNING AND CERTIFICATION ADVICE,IE
LEARNING AND CERTIFICATION ADVICE,SG
LEARNING AND CERTIFICATION ADVICE,MY
LEARNING AND CERTIFICATION ADVICE,TH
LEARNING AND CERTIFICATION ADVICE,ID
LEARNING AND CERTIFICATION ADVICE,PH
TRAINING RESELLER PARTNER SUPPORT,US
TRAINING RESELLER PARTNER SUPPORT,CA
TRAINING RESELLER PARTNER SUPPORT,MX
TRAINING RESELLER PARTNER SUPPORT,BR
TRAINING RESELLER PARTNER SUPPORT,AR
TRAINING RESELLER PARTNER SUPPORT,PE
TRAINING RESELLER PARTNER SUPPORT,CL
TRAINING RESELLER PARTNER SUPPORT,CO
TRAINING RESELLER PARTNER SUPPORT,PR
TRAINING RESELLER PARTNER SUPPORT,VE
TRAINING RESELLER PARTNER SUPPORT,CR
TRAINING RESELLER PARTNER SUPPORT,PA
TRAINING RESELLER PARTNER SUPPORT,DE
TRAINING RESELLER PARTNER SUPPORT,AT
TRAINING RESELLER PARTNER SUPPORT,CH
TRAINING RESELLER PARTNER SUPPORT,SK
TRAINING RESELLER PARTNER SUPPORT,CZ
TRAINING RESELLER PARTNER SUPPORT,KZ
TRAINING RESELLER PARTNER SUPPORT,PL
TRAINING RESELLER PARTNER SUPPORT,HU
TRAINING RESELLER PARTNER SUPPORT,UA
TRAINING RESELLER PARTNER SUPPORT,UK
TRAINING RESELLER PARTNER SUPPORT,ME
TRAINING RESELLER PARTNER SUPPORT,BE
TRAINING RESELLER PARTNER SUPPORT,NL
TRAINING RESELLER PARTNER SUPPORT,FR
TRAINING RESELLER PARTNER SUPPORT,IT
TRAINING RESELLER PARTNER SUPPORT,ES
TRAINING RESELLER PARTNER SUPPORT,PT
TRAINING RESELLER PARTNER SUPPORT,GR
TRAINING RESELLER PARTNER SUPPORT,IL
TRAINING RESELLER PARTNER SUPPORT,TR
TRAINING RESELLER PARTNER SUPPORT,IN
TRAINING RESELLER PARTNER SUPPORT,ANZ
TRAINING RESELLER PARTNER SUPPORT,JP
TRAINING RESELLER PARTNER SUPPORT,KR
TRAINING RESELLER PARTNER SUPPORT,CN
TRAINING RESELLER PARTNER SUPPORT,TW
TRAINING RESELLER PARTNER SUPPORT,HK
TRAINING RESELLER PARTNER SUPPORT,DK
TRAINING RESELLER PARTNER SUPPORT,SE
TRAINING RESELLER PARTNER SUPPORT,NO
TRAINING RESELLER PARTNER SUPPORT,FI
TRAINING RESELLER PARTNER SUPPORT,SEA
TRAINING RESELLER PARTNER SUPPORT,ZA
TRAINING RESELLER PARTNER SUPPORT,KE
TRAINING RESELLER PARTNER SUPPORT,NG
TRAINING RESELLER PARTNER SUPPORT,MA